1,32009900,zapatos
1,32009901,zapatos
1,32009902,zapatos
1,32009903,zapatos verdes
1,32009904,zapatos verdes
1,32009905,zapatos verdes
1,32009906,zapatos verdes
1,32009907,zapatos verdes
1,32009908,zapatos verdes
1,32009909,zapatos verdes
1,32009910,zapatos verdes
1,32009911,zapatos verdes
1,32009912,zapatos verdes
1,32009913,zapatos rojos
1,32009914,zapatos rojos
1,32009915,zapatos rojos
1,32009916,zapatos rojos
1,32009917,zapatos rojos
1,32009918,zapatos rojos
1,32009919,zapatos rojos
1,32009920,zapatos rojos
1,32009921,zapatos rojos
1,32009922,zapatos rojos
1,32009923,zapatos rojos
1,32009924,zapatos rojos
1,32009925,zapatos rojos
1,32009926,zapatos rojos
1,32009927,zapatos rojos
1,32009928,zapatos rojos
1,32009929,zapatos rojos
1,32009930,zapatos rojos
1,32009931,zapatos rojos
1,32009932,zapatos rojos
1,32009933,zapatos rojos
1,32009934,zapatos rojos
1,32009935,zapatos rojos
1,32009936,zapatos verdes
1,32009937,zapatos verdes
1,32009938,zapatos verdes
1,32009939,zapatos verdes
1,32009940,zapatos verdes
1,32009941,zapatos verdes
1,32009942,zapatos verdes
1,32009943,zapatos verdes
1,32009944,zapatos verdes
1,32009945,zapatos verdes
1,32009946,zapatos verdes
1,32009947,zapatos verdes
1,32009948,zapatos verdes
1,32009949,zapatos verdes
1,32009950,zapatos verdes
1,32009951,zapatos verdes
1,32009952,zapatos verdes
1,32009953,zapatos verdes
1,32009954,zapatos verdes
1,32009955,zapatos verdes
1,32009956,zapatos verdes
1,32009957,zapatos verdes
1,32009958,zapatos verdes
1,32009959,zapatos verdes
1,32009960,sombrero verde
1,32009961,sombrero verde
1,32009962,sombrero verde
1,32009963,sombrero verde
1,32009964,sombrero verde
1,32009965,sombrero verde
1,32009966,sombrero verde
1,32009967,sombrero verde
1,32009968,sombrero verde
1,32009969,sombrero verde
1,32009970,sombrero verde
1,32009971,sombrero verde
1,32009972,sombrero verde
1,32009973,sombrero verde
1,32009974,sombrero verde
1,32009975,sombrero verde
1,32009976,sombrero verde
1,32009977,sombrero verde
1,32009978,sombrero verde
1,32009979,sombrero verde
1,32009980,zapatos verdes
1,32009981,zapatos verdes
1,32009982,zapatos verdes
1,32009983,zapatos verdes
1,32009984,zapatos verdes
1,32009985,zapatos verdes
1,32009986,zapatos verdes
1,32009987,zapatos verdes
1,32009988,zapatos verdes
1,32009989,zapatos verdes
1,32009990,zapatos verdes
1,32009991,zapatos verdes
1,32009992,zapatos verdes
1,32009993,zapatos verdes
1,32009994,zapatos verdes
1,32009995,zapatos verdes
1,32009996,zapatos verdes
1,32009997,zapatos verdes
1,32009998,zapatos verdes
1,32009999,zapatos verdes
1,32010000,zapatos verdes
1,32010001,zapatos verdes
1,32010002,zapatos verdes
1,32010003,zapatos verdes
1,32010004,zapatos verdes
1,32010005,zapatos verdes
1,32010006,zapatos verdes
1,32010007,zapatos verdes
1,32010008,zapatos verdes
1,32010009,zapatos verdes
1,32010010,zapatos verdes
1,32010011,zapatos verdes
1,32010012,zapatos verdes
1,32010013,zapatos verdes
1,32010014,zapatos verdes
1,32010015,zapatos verdes
1,32010016,zapatos verdes
1,32010017,zapatos verdes
1,32010018,zapatos verdes
1,32010019,zapatos verdes
1,32010020,zapatos verdes
1,32010021,zapatos verdes
1,32010022,zapatos verdes
1,32010023,zapatos verdes
1,32010024,zapatos verdes
1,32010025,zapatos verdes
1,32010026,zapatos verdes
1,32010027,zapatos verdes
1,32010028,zapatos verdes
1,32010029,zapatos verdes
1,32010030,zapatos verdes
1,32010031,zapatos verdes
1,32010032,zapatos verdes
1,32010033,zapatos verdes
1,32010034,zapatos verdes
1,32010035,zapatos verdes
1,32010036,zapatos verdes
1,32010037,zapatos verdes
1,32010038,zapatos verdes
1,32010039,zapatos verdes
1,32010040,zapatos verdes
2,55009983,zapatos verdes
2,55009984,zapatos verdes
2,55009985,zapatos verdes
2,55009986,zapatos verdes
2,55009987,zapatos verdes
2,55009988,zapatos verdes
2,55009989,zapatos verdes
2,55009990,zapatos verdes
2,55009991,zapatos verdes
2,55009992,zapatos verdes
2,55009993,zapatos verdes
2,55009994,zapatos verdes
2,55009995,zapatos verdes
2,55009996,zapatos verdes
2,55009997,zapatos verdes
2,55009998,zapatos verdes
2,55009999,zapatos verdes
2,55010000,zapatos verdes
2,55010001,zapatos verdes
2,55010002,zapatos verdes
2,55010003,zapatos verdes
2,55010004,zapatos verdes
2,55010005,zapatos verdes
2,55010006,zapatos verdes
2,55010007,zapatos verdes
2,55010008,zapatos verdes
2,55010009,zapatos verdes
2,55010010,zapatos verdes
2,55010011,zapatos verdes
2,55010012,zapatos verdes
2,55010013,zapatos verdes
2,55010014,zapatos verdes
2,55010015,zapatos verdes
2,55010016,zapatos verdes
2,55010017,zapatos verdes
2,55010018,zapatos verdes
2,55010019,zapatos verdes
2,55010020,zapatos verdes
2,55010021,zapatos verdes
2,55010022,zapatos verdes
2,55010023,zapatos verdes
2,55010024,zapatos verdes
2,55010025,zapatos verdes
2,55010026,zapatos verdes
2,55010027,zapatos verdes
2,55010028,zapatos verdes
2,55010029,zapatos verdes
2,55010030,zapatos verdes
2,55010031,zapatos verdes
2,55010032,zapatos verdes
2,55010033,zapatos verdes
2,55010034,zapatos verdes
2,55010035,zapatos verdes
2,55010036,zapatos verdes
2,55010037,zapatos verdes
2,55010038,zapatos verdes
2,55010039,zapatos verdes
2,55010040,zapatos verdes
2,55010041,zapatos verdes
2,55010042,zapatos verdes
2,55010043,zapatos verdes
2,55010044,zapatos verdes
2,55010045,zapatos verdes
2,55010046,zapatos verdes
2,55010047,zapatos verdes
2,55010048,zapatos verdes
2,55010049,zapatos verdes
2,55010050,zapatos verdes
2,55010051,zapatos verdes
2,55010052,zapatos verdes
2,55010053,zapatos verdes
2,55010054,zapatos verdes
2,55010055,zapatos verdes
2,55010056,zapatos verdes
2,55010057,zapatos verdes
2,55010058,zapatos verdes
2,55010059,zapatos verdes
2,55010060,zapatos verdes
2,55010061,zapatos verdes
2,55010062,zapatos verdes
2,55010063,zapatos verdes
2,55010064,zapatos verdes
2,55010065,zapatos verdes
2,55010066,zapatos verdes
2,55010067,zapatos verdes
2,55010068,zapatos verdes
2,55010069,zapatos verdes
2,55010070,zapatos verdes
2,55010071,zapatos verdes
2,55010072,zapatos verdes
2,55010073,zapatos verdes
2,55010074,zapatos verdes
2,55010075,zapatos verdes
2,55010076,zapatos verdes
2,55010077,zapatos verdes
2,55010078,zapatos verdes
2,55010079,zapatos verdes
2,55010080,zapatos verdes
2,55010081,zapatos verdes
2,55010082,zapatos verdes
2,55010083,zapatos verdes
2,55010084,zapatos verdes
2,55010085,zapatos verdes
2,55010086,zapatos verdes
2,55010087,zapatos verdes
2,55010088,zapatos verdes
2,55010089,zapatos verdes
2,55010090,zapatos verdes
2,55010091,zapatos verdes
2,55010092,zapatos verdes
2,55010093,zapatos verdes
2,55010094,zapatos verdes
2,55010095,zapatos verdes
2,55010096,zapatos verdes
2,55010097,zapatos verdes
2,55010098,zapatos verdes
2,55010099,zapatos verdes
2,55010100,zapatos verdes
2,55010101,zapatos verdes
2,55010102,zapatos verdes
2,55010103,zapatos verdes
2,55010104,zapatos verdes
2,55010105,zapatos verdes
2,55010106,zapatos verdes
2,55010107,zapatos verdes
2,55010108,zapatos verdes
2,55010109,zapatos verdes
2,55010110,zapatos verdes
2,55010111,zapatos verdes
2,55010112,zapatos verdes
2,55010113,zapatos verdes
2,55010114,zapatos verdes
2,55010115,zapatos verdes
2,55010116,zapatos verdes
2,55010117,zapatos verdes
2,55010118,zapatos verdes
2,55010119,zapatos verdes
2,55010120,zapatos verdes
2,55010121,zapatos verdes
2,55010122,zapatos verdes
2,55010123,zapatos verdes
2,55010124,zapatos verdes
2,55010125,zapatos verdes
2,55010126,zapatos verdes
2,55010127,zapatos verdes
2,55010128,zapatos verdes
2,55010129,zapatos verdes
2,55010130,zapatos verdes
2,55010131,zapatos verdes
2,55010132,zapatos verdes
2,55010133,zapatos verdes
2,55010134,zapatos verdes
2,55010135,zapatos verdes
2,55010136,zapatos verdes
2,55010137,zapatos verdes
2,55010138,zapatos verdes
2,55010139,zapatos verdes
2,55010140,zapatos verdes
2,55010141,zapatos verdes
